Id,Expected
test_0,prediction
test_1,prediction
test_2,prediction
test_3,prediction
test_4,prediction
test_5,prediction
test_6,prediction
test_7,prediction
test_8,prediction
test_9,prediction
test_10,prediction
test_11,prediction
test_12,prediction
test_13,prediction
test_14,prediction
test_15,prediction
test_16,prediction
test_17,prediction
test_18,prediction
test_19,prediction
test_20,prediction
test_21,prediction
test_22,prediction
test_23,prediction
test_24,prediction
test_25,prediction
test_26,prediction
test_27,prediction
test_28,prediction
test_29,prediction
test_30,prediction
test_31,prediction
test_32,prediction
test_33,prediction
test_34,prediction
test_35,prediction
test_36,prediction
test_37,prediction
test_38,prediction
test_39,prediction
test_40,prediction
test_41,prediction
test_42,prediction
test_43,prediction
test_44,prediction
test_45,prediction
test_46,prediction
test_47,prediction
test_48,prediction
test_49,prediction
test_50,prediction
test_51,prediction
test_52,prediction
test_53,prediction
test_54,prediction
test_55,prediction
test_56,prediction
test_57,prediction
test_58,prediction
test_59,prediction
test_60,prediction
test_61,prediction
test_62,prediction
test_63,prediction
test_64,prediction
test_65,prediction
test_66,prediction
test_67,prediction
test_68,prediction
test_69,prediction
test_70,prediction
test_71,prediction
test_72,prediction
test_73,prediction
test_74,prediction
test_75,prediction
test_76,prediction
test_77,prediction
test_78,prediction
test_79,prediction
test_80,prediction
test_81,prediction
test_82,prediction
test_83,prediction
test_84,prediction
test_85,prediction
test_86,prediction
test_87,prediction
test_88,prediction
test_89,prediction
test_90,prediction
test_91,prediction
test_92,prediction
test_93,prediction
test_94,prediction
test_95,prediction
test_96,prediction
test_97,prediction
test_98,prediction
test_99,prediction
test_100,prediction
test_101,prediction
test_102,prediction
test_103,prediction
test_104,prediction
test_105,prediction
test_106,prediction
test_107,prediction
test_108,prediction
test_109,prediction
test_110,prediction
test_111,prediction
test_112,prediction
test_113,prediction
test_114,prediction
test_115,prediction
test_116,prediction
test_117,prediction
test_118,prediction
test_119,prediction
test_120,prediction
test_121,prediction
test_122,prediction
test_123,prediction
test_124,prediction
test_125,prediction
test_126,prediction
test_127,prediction
test_128,prediction
test_129,prediction
test_130,prediction
test_131,prediction
test_132,prediction
test_133,prediction
test_134,prediction
test_135,prediction
test_136,prediction
test_137,prediction
test_138,prediction
test_139,prediction
test_140,prediction
test_141,prediction
test_142,prediction
test_143,prediction
test_144,prediction
test_145,prediction
test_146,prediction
test_147,prediction
test_148,prediction
test_149,prediction
test_150,prediction
test_151,prediction
test_152,prediction
test_153,prediction
test_154,prediction
test_155,prediction
test_156,prediction
test_157,prediction
test_158,prediction
test_159,prediction
test_160,prediction
test_161,prediction
test_162,prediction
test_163,prediction
test_164,prediction
test_165,prediction
test_166,prediction
test_167,prediction
test_168,prediction
test_169,prediction
test_170,prediction
test_171,prediction
test_172,prediction
test_173,prediction
test_174,prediction
test_175,prediction
test_176,prediction
test_177,prediction
test_178,prediction
test_179,prediction
test_180,prediction
test_181,prediction
test_182,prediction
test_183,prediction
test_184,prediction
test_185,prediction
test_186,prediction
test_187,prediction
test_188,prediction
test_189,prediction
test_190,prediction
test_191,prediction
test_192,prediction
test_193,prediction
test_194,prediction
test_195,prediction
test_196,prediction
test_197,prediction
test_198,prediction
test_199,prediction
test_200,prediction
test_201,prediction
test_202,prediction
test_203,prediction
test_204,prediction
test_205,prediction
test_206,prediction
test_207,prediction
test_208,prediction
test_209,prediction
test_210,prediction
test_211,prediction
test_212,prediction
test_213,prediction
test_214,prediction
test_215,prediction
test_216,prediction
test_217,prediction
test_218,prediction
test_219,prediction
test_220,prediction
test_221,prediction
test_222,prediction
test_223,prediction
test_224,prediction
test_225,prediction
test_226,prediction
test_227,prediction
test_228,prediction
test_229,prediction
test_230,prediction
test_231,prediction
test_232,prediction
test_233,prediction
test_234,prediction
test_235,prediction
test_236,prediction
test_237,prediction
test_238,prediction
test_239,prediction
test_240,prediction
test_241,prediction
test_242,prediction
test_243,prediction
test_244,prediction
test_245,prediction
test_246,prediction
test_247,prediction
test_248,prediction
test_249,prediction
test_250,prediction
test_251,prediction
test_252,prediction
test_253,prediction
test_254,prediction
test_255,prediction
test_256,prediction
test_257,prediction
test_258,prediction
test_259,prediction
test_260,prediction
test_261,prediction
test_262,prediction
test_263,prediction
test_264,prediction
test_265,prediction
test_266,prediction
test_267,prediction
test_268,prediction
test_269,prediction
test_270,prediction
test_271,prediction
test_272,prediction
test_273,prediction
test_274,prediction
test_275,prediction
test_276,prediction
test_277,prediction
test_278,prediction
test_279,prediction
test_280,prediction
test_281,prediction
test_282,prediction
test_283,prediction
test_284,prediction
test_285,prediction
test_286,prediction
test_287,prediction
test_288,prediction
test_289,prediction
test_290,prediction
test_291,prediction
test_292,prediction
test_293,prediction
test_294,prediction
test_295,prediction
test_296,prediction
test_297,prediction
test_298,prediction
test_299,prediction
test_300,prediction
test_301,prediction
test_302,prediction
test_303,prediction
test_304,prediction
test_305,prediction
test_306,prediction
test_307,prediction
test_308,prediction
test_309,prediction
test_310,prediction
test_311,prediction
test_312,prediction
test_313,prediction
test_314,prediction
test_315,prediction
test_316,prediction
test_317,prediction
test_318,prediction
test_319,prediction
test_320,prediction
test_321,prediction
test_322,prediction
test_323,prediction
test_324,prediction
test_325,prediction
test_326,prediction
test_327,prediction
test_328,prediction
test_329,prediction
test_330,prediction
test_331,prediction
test_332,prediction
test_333,prediction
test_334,prediction
test_335,prediction
test_336,prediction
test_337,prediction
test_338,prediction
test_339,prediction
test_340,prediction
test_341,prediction
test_342,prediction
test_343,prediction
test_344,prediction
test_345,prediction
test_346,prediction
test_347,prediction
test_348,prediction
test_349,prediction
test_350,prediction
test_351,prediction
test_352,prediction
test_353,prediction
test_354,prediction
test_355,prediction
test_356,prediction
test_357,prediction
test_358,prediction
test_359,prediction
test_360,prediction
test_361,prediction
test_362,prediction
test_363,prediction
test_364,prediction
test_365,prediction
test_366,prediction
test_367,prediction
test_368,prediction
test_369,prediction
test_370,prediction
test_371,prediction
test_372,prediction
test_373,prediction
test_374,prediction
test_375,prediction
test_376,prediction
test_377,prediction
test_378,prediction
test_379,prediction
test_380,prediction
test_381,prediction
test_382,prediction
test_383,prediction
test_384,prediction
test_385,prediction
test_386,prediction
test_387,prediction
test_388,prediction
test_389,prediction
test_390,prediction
test_391,prediction
test_392,prediction
test_393,prediction
test_394,prediction
test_395,prediction
test_396,prediction
test_397,prediction
test_398,prediction
test_399,prediction
test_400,prediction
test_401,prediction
test_402,prediction
test_403,prediction
test_404,prediction
test_405,prediction
test_406,prediction
test_407,prediction
test_408,prediction
test_409,prediction
test_410,prediction
test_411,prediction
test_412,prediction
test_413,prediction
test_414,prediction
test_415,prediction
test_416,prediction
test_417,prediction
test_418,prediction
test_419,prediction
test_420,prediction
test_421,prediction
test_422,prediction
test_423,prediction
test_424,prediction
test_425,prediction
test_426,prediction
test_427,prediction
test_428,prediction
test_429,prediction
test_430,prediction
test_431,prediction
test_432,prediction
test_433,prediction
test_434,prediction
test_435,prediction
test_436,prediction
test_437,prediction
test_438,prediction
test_439,prediction
test_440,prediction
test_441,prediction
test_442,prediction
test_443,prediction
test_444,prediction
test_445,prediction
test_446,prediction
test_447,prediction
test_448,prediction
test_449,prediction
test_450,prediction
test_451,prediction
test_452,prediction
test_453,prediction
test_454,prediction
test_455,prediction
test_456,prediction
test_457,prediction
test_458,prediction
test_459,prediction
test_460,prediction
test_461,prediction
test_462,prediction
test_463,prediction
test_464,prediction
test_465,prediction
test_466,prediction
test_467,prediction
test_468,prediction
test_469,prediction
test_470,prediction
test_471,prediction
test_472,prediction
test_473,prediction
test_474,prediction
test_475,prediction
test_476,prediction
test_477,prediction
test_478,prediction
test_479,prediction
test_480,prediction
test_481,prediction
test_482,prediction
test_483,prediction
test_484,prediction
test_485,prediction
test_486,prediction
test_487,prediction
test_488,prediction
test_489,prediction
test_490,prediction
test_491,prediction
test_492,prediction
test_493,prediction
test_494,prediction
test_495,prediction
test_496,prediction
test_497,prediction
test_498,prediction
test_499,prediction
test_500,prediction
test_501,prediction
test_502,prediction
test_503,prediction
test_504,prediction
test_505,prediction
test_506,prediction
test_507,prediction
test_508,prediction
test_509,prediction
test_510,prediction
test_511,prediction
test_512,prediction
test_513,prediction
test_514,prediction
test_515,prediction
test_516,prediction
test_517,prediction
test_518,prediction
test_519,prediction
test_520,prediction
test_521,prediction
test_522,prediction
test_523,prediction
test_524,prediction
test_525,prediction
test_526,prediction
test_527,prediction
test_528,prediction
test_529,prediction
test_530,prediction
test_531,prediction
test_532,prediction
test_533,prediction
test_534,prediction
test_535,prediction
test_536,prediction
test_537,prediction
test_538,prediction
test_539,prediction
test_540,prediction
test_541,prediction
test_542,prediction
test_543,prediction
test_544,prediction
test_545,prediction
test_546,prediction
test_547,prediction
test_548,prediction
test_549,prediction
test_550,prediction
test_551,prediction
test_552,prediction
test_553,prediction
test_554,prediction
test_555,prediction
test_556,prediction
test_557,prediction
test_558,prediction
test_559,prediction
test_560,prediction
test_561,prediction
test_562,prediction
test_563,prediction
test_564,prediction
test_565,prediction
test_566,prediction
test_567,prediction
test_568,prediction
test_569,prediction
test_570,prediction
test_571,prediction
test_572,prediction
test_573,prediction
test_574,prediction
test_575,prediction
test_576,prediction
test_577,prediction
test_578,prediction
test_579,prediction
test_580,prediction
test_581,prediction
test_582,prediction
test_583,prediction
test_584,prediction
test_585,prediction
test_586,prediction
test_587,prediction
test_588,prediction
test_589,prediction
test_590,prediction
test_591,prediction
test_592,prediction
test_593,prediction
test_594,prediction
test_595,prediction
test_596,prediction
test_597,prediction
test_598,prediction
test_599,prediction
test_600,prediction
test_601,prediction
test_602,prediction
test_603,prediction
test_604,prediction
test_605,prediction
test_606,prediction
test_607,prediction
test_608,prediction
test_609,prediction
test_610,prediction
test_611,prediction
test_612,prediction
test_613,prediction
test_614,prediction
test_615,prediction
test_616,prediction
test_617,prediction
test_618,prediction
test_619,prediction
test_620,prediction
test_621,prediction
test_622,prediction
test_623,prediction
test_624,prediction
test_625,prediction
test_626,prediction
test_627,prediction
test_628,prediction
test_629,prediction
test_630,prediction
test_631,prediction
test_632,prediction
test_633,prediction
test_634,prediction
test_635,prediction
test_636,prediction
test_637,prediction
test_638,prediction
test_639,prediction
test_640,prediction
test_641,prediction
test_642,prediction
test_643,prediction
test_644,prediction
test_645,prediction
test_646,prediction
test_647,prediction
test_648,prediction
test_649,prediction
test_650,prediction
test_651,prediction
test_652,prediction
test_653,prediction
test_654,prediction
test_655,prediction
test_656,prediction
test_657,prediction
test_658,prediction
test_659,prediction
test_660,prediction
test_661,prediction
test_662,prediction
test_663,prediction
test_664,prediction
test_665,prediction
test_666,prediction
test_667,prediction
test_668,prediction
test_669,prediction
test_670,prediction
test_671,prediction
test_672,prediction
test_673,prediction
test_674,prediction
test_675,prediction
test_676,prediction
test_677,prediction
test_678,prediction
test_679,prediction
test_680,prediction
test_681,prediction
test_682,prediction
test_683,prediction
test_684,prediction
test_685,prediction
test_686,prediction
test_687,prediction
test_688,prediction
test_689,prediction
test_690,prediction
test_691,prediction
test_692,prediction
test_693,prediction
test_694,prediction
test_695,prediction
test_696,prediction
test_697,prediction
test_698,prediction
test_699,prediction
test_700,prediction
test_701,prediction
test_702,prediction
test_703,prediction
test_704,prediction
test_705,prediction
test_706,prediction
test_707,prediction
test_708,prediction
test_709,prediction
test_710,prediction
test_711,prediction
test_712,prediction
test_713,prediction
test_714,prediction
test_715,prediction
test_716,prediction
test_717,prediction
test_718,prediction
test_719,prediction
test_720,prediction
test_721,prediction
test_722,prediction
test_723,prediction
test_724,prediction
test_725,prediction
test_726,prediction
test_727,prediction
test_728,prediction
test_729,prediction
test_730,prediction
test_731,prediction
test_732,prediction
test_733,prediction
test_734,prediction
test_735,prediction
test_736,prediction
test_737,prediction
test_738,prediction
test_739,prediction
test_740,prediction
test_741,prediction
test_742,prediction
test_743,prediction
test_744,prediction
test_745,prediction
test_746,prediction
test_747,prediction
test_748,prediction
test_749,prediction
test_750,prediction
test_751,prediction
test_752,prediction
test_753,prediction
test_754,prediction
test_755,prediction
test_756,prediction
test_757,prediction
test_758,prediction
test_759,prediction
test_760,prediction
test_761,prediction
test_762,prediction
test_763,prediction
test_764,prediction
test_765,prediction
test_766,prediction
test_767,prediction
test_768,prediction
test_769,prediction
test_770,prediction
test_771,prediction
test_772,prediction
test_773,prediction
test_774,prediction
test_775,prediction
test_776,prediction
test_777,prediction
test_778,prediction
test_779,prediction
test_780,prediction
test_781,prediction
test_782,prediction
test_783,prediction
test_784,prediction
test_785,prediction
test_786,prediction
test_787,prediction
test_788,prediction
test_789,prediction
test_790,prediction
test_791,prediction
test_792,prediction
test_793,prediction
test_794,prediction
test_795,prediction
test_796,prediction
test_797,prediction
test_798,prediction
test_799,prediction
test_800,prediction
test_801,prediction
test_802,prediction
test_803,prediction
test_804,prediction
test_805,prediction
test_806,prediction
test_807,prediction
test_808,prediction
test_809,prediction
test_810,prediction
test_811,prediction
test_812,prediction
test_813,prediction
test_814,prediction
test_815,prediction
test_816,prediction
test_817,prediction
test_818,prediction
test_819,prediction
test_820,prediction
test_821,prediction
test_822,prediction
test_823,prediction
test_824,prediction
test_825,prediction
test_826,prediction
test_827,prediction
test_828,prediction
test_829,prediction
test_830,prediction
test_831,prediction
test_832,prediction
test_833,prediction
test_834,prediction
test_835,prediction
test_836,prediction
test_837,prediction
test_838,prediction
test_839,prediction
test_840,prediction
test_841,prediction
test_842,prediction
test_843,prediction
test_844,prediction
test_845,prediction
test_846,prediction
test_847,prediction
test_848,prediction
test_849,prediction
test_850,prediction
test_851,prediction
test_852,prediction
test_853,prediction
test_854,prediction
test_855,prediction
test_856,prediction
test_857,prediction
test_858,prediction
test_859,prediction
test_860,prediction
test_861,prediction
test_862,prediction
test_863,prediction
test_864,prediction
test_865,prediction
test_866,prediction
test_867,prediction
test_868,prediction
test_869,prediction
test_870,prediction
test_871,prediction
test_872,prediction
test_873,prediction
test_874,prediction
test_875,prediction
test_876,prediction
test_877,prediction
test_878,prediction
test_879,prediction
test_880,prediction
test_881,prediction
test_882,prediction
test_883,prediction
test_884,prediction
test_885,prediction
test_886,prediction
test_887,prediction
test_888,prediction
test_889,prediction
test_890,prediction
test_891,prediction
test_892,prediction
test_893,prediction
test_894,prediction
test_895,prediction
test_896,prediction
test_897,prediction
test_898,prediction
test_899,prediction
test_900,prediction
test_901,prediction
test_902,prediction
test_903,prediction
test_904,prediction
test_905,prediction
test_906,prediction
test_907,prediction
test_908,prediction
test_909,prediction
test_910,prediction
test_911,prediction
test_912,prediction
test_913,prediction
test_914,prediction
test_915,prediction
test_916,prediction
test_917,prediction
test_918,prediction
test_919,prediction
test_920,prediction
test_921,prediction
test_922,prediction
test_923,prediction
test_924,prediction
test_925,prediction
test_926,prediction
test_927,prediction
test_928,prediction
test_929,prediction
test_930,prediction
test_931,prediction
test_932,prediction
test_933,prediction
test_934,prediction
test_935,prediction
test_936,prediction
test_937,prediction
test_938,prediction
test_939,prediction
test_940,prediction
test_941,prediction
test_942,prediction
test_943,prediction
test_944,prediction
test_945,prediction
test_946,prediction
test_947,prediction
test_948,prediction
test_949,prediction
test_950,prediction
test_951,prediction
test_952,prediction
test_953,prediction
test_954,prediction
test_955,prediction
test_956,prediction
test_957,prediction
test_958,prediction
test_959,prediction
test_960,prediction
test_961,prediction
test_962,prediction
test_963,prediction
test_964,prediction
test_965,prediction
test_966,prediction
test_967,prediction
test_968,prediction
test_969,prediction
test_970,prediction
test_971,prediction
test_972,prediction
test_973,prediction
test_974,prediction
test_975,prediction
test_976,prediction
test_977,prediction
test_978,prediction
test_979,prediction
test_980,prediction
test_981,prediction
test_982,prediction
test_983,prediction
test_984,prediction
test_985,prediction
test_986,prediction
test_987,prediction
test_988,prediction
test_989,prediction
test_990,prediction
test_991,prediction
test_992,prediction
test_993,prediction
test_994,prediction
test_995,prediction
test_996,prediction
test_997,prediction
test_998,prediction
test_999,prediction
test_1000,prediction
test_1001,prediction
test_1002,prediction
test_1003,prediction
test_1004,prediction
test_1005,prediction
test_1006,prediction
test_1007,prediction
test_1008,prediction
test_1009,prediction
test_1010,prediction
test_1011,prediction
test_1012,prediction
test_1013,prediction
test_1014,prediction
test_1015,prediction
test_1016,prediction
test_1017,prediction
test_1018,prediction
test_1019,prediction
test_1020,prediction
test_1021,prediction
test_1022,prediction
